Region,Year,11,21,22,23,24,31,41,42,43,52,71,81,82,90,95
region_1,1994,311665,981176,430834,118291,23080,29905,10494376,317719,498299,4485,20869,7920204,3570427,236972,41698
region_1,1995,319305,995445,432518,118680,23168,29840,10474679,316281,499920,3861,19173,7907282,3583176,236314,40358
region_1,1996,317218,988877,442334,129932,25008,30909,10456530,314554,502053,3410,19538,7876379,3616110,236662,40486
region_1,1997,314651,998710,444531,130380,25078,32127,10441172,313274,503338,2962,21035,7868335,3626953,236681,40773
region_1,1999,312460,999116,457661,139228,26894,34526,10412114,310625,505985,2173,23838,7895414,3601336,236646,41984
region_1,2000,307977,1009838,461300,139601,26977,37304,10394427,309096,507129,1911,25178,7905640,3593576,236971,43075
region_1,2001,316235,1021534,462728,139803,27008,36498,10380454,307365,507407,2083,24248,7905300,3590676,236593,42068
region_1,2002,316466,995248,487908,153341,29010,38854,10364167,305651,506878,2197,25059,7906639,3589575,236557,42450
region_1,2003,316892,1000233,494901,153965,29090,39191,10352208,303664,506313,2219,25992,7908669,3587365,236511,42787
region_1,2004,319899,991535,507751,163950,30398,38003,10339553,301794,505532,2228,27905,7901769,3591213,235841,42629
region_1,2005,319680,996742,518897,169037,31073,39356,10320448,298959,503677,2568,33188,7900500,3587992,235431,42452
region_1,2006,309286,1000177,528744,175048,32075,42131,10305599,295951,501889,3481,41387,7895148,3589163,235906,44015
region_1,2007,318093,1002030,538874,179628,32845,40495,10294500,293791,499097,4096,46465,7882804,3589323,235295,42664
region_1,2008,328412,1004926,544909,183741,33358,40118,10286816,291730,496467,4638,46126,7865586,3597005,233996,42172
region_1,2009,329799,1007312,551202,187051,33876,40525,10282819,289720,493803,5162,49298,7823179,3631208,233325,41721
region_1,2010,331651,1011395,555974,189419,34195,40856,10280804,288391,492608,5903,50610,7784845,3659425,232733,41191
region_1,2011,328543,1014973,560467,191352,34550,41021,10278105,286723,490589,6818,54858,7750758,3687541,232454,41248
region_1,2012,308651,1019790,562937,193043,35053,43432,10270209,284807,484343,6277,84387,7689177,3740344,233289,44261
region_1,2013,323122,1023976,566518,194951,35481,43163,10263767,283376,481766,6947,82715,7643435,3775915,232099,42769
region_1,2014,323529,1028251,569634,197702,36015,42813,10261498,281660,479019,7242,84069,7603721,3810592,231671,42584
region_1,2015,330688,1033691,571317,199346,36509,42793,10256203,280616,477600,8394,82575,7591070,3816562,230645,41991
region_1,2016,333989,1039349,573557,200873,36990,43125,10247507,278997,475728,10163,86225,7565039,3836941,229808,41709
region_1,2017,329999,1045442,576703,203218,37757,44599,10234443,277309,473613,13026,94682,7529148,3868007,229170,42884
region_1,2018,328557,1052082,579669,205471,38359,44806,10218310,275223,468796,16896,105117,7508065,3886892,228534,43223
region_1,2019,333659,1056605,582365,207207,38961,44896,10216285,274048,467265,23596,99549,7507039,3878230,227369,42926
region_1,2020,333106,1062301,584569,209099,39520,46488,10209945,272994,465898,31858,98637,7492076,3882433,227633,43443
region_1,2021,326705,1065495,588039,211326,39889,47900,10203578,271938,464693,42028,99359,7496478,3869885,228140,44547
region_1,2022,322686,1068397,592141,214670,40375,51443,10188870,269856,461846,51975,111344,7484322,3868767,227915,45393
region_1,2023,316608,1077499,594839,214945,40383,53017,10168810,268976,459303,60807,139853,7472337,3858567,228278,45778
region_2,1994,111595,407532,164355,27252,3992,113080,492,629700,3,3045386,17638512,241607,2196888,92682,326924
region_2,1995,118064,410052,164436,27261,3999,111142,493,627123,42,3035422,17639463,245131,2200107,92826,324439
region_2,1996,126100,411060,165184,28030,4101,110359,493,625522,42,3032174,17638021,246487,2200636,92785,319006
region_2,1997,123531,414094,165465,28043,4101,110518,492,623788,42,3029574,17636753,250685,2199131,92824,320959
region_2,1998,115339,416091,165590,28119,4108,110988,493,623342,42,3030776,17632294,260323,2194754,92998,324743
region_2,1999,123195,414691,167108,29396,4275,110537,493,623265,42,3028930,17657793,267288,2157825,92870,322292
region_2,2000,116451,416788,167493,29470,4281,110848,491,622102,40,3029855,17687347,279673,2116694,93005,325462
region_2,2001,111514,418390,167752,29531,4282,111511,491,619894,40,3031624,17720385,286851,2077688,93003,327044
region_2,2002,88624,412175,178165,31419,4498,116108,476,602891,41,3032250,17770580,288115,2051808,91803,331047
region_2,2003,98098,411824,181025,31529,4509,112902,474,594665,41,3025862,17790285,294457,2032075,91590,330664
region_2,2004,91447,402650,191883,33136,4637,112588,474,593632,41,3025269,17805422,297555,2018126,91432,331708
region_2,2005,92570,399485,199464,34128,4695,111761,476,592614,41,3020200,17812472,301582,2006411,91381,332720
region_2,2009,108177,387461,227330,36318,5137,110078,473,538295,11,2924360,17972464,304690,1968305,89912,326989
region_2,2010,128394,387046,231109,36677,5164,109183,478,543368,12,2910015,17971076,299240,1970010,89233,318995
region_2,2011,123569,389415,233353,36762,5201,109287,490,531017,13,2873735,18017260,299875,1969628,88524,321871
region_2,2012,104620,395665,236254,37176,5254,110116,483,480100,14,2791343,18149129,286327,1986594,84360,332565
region_2,2013,94864,400343,238893,37556,5394,111064,472,449672,16,2759010,18223409,290577,1968623,83922,336185
region_2,2014,117912,404486,240849,37884,5485,109104,472,454774,19,2706578,18290433,291946,1924478,83750,331830
region_2,2015,123288,410837,240670,37958,5575,108977,480,460694,19,2690837,18302440,294173,1909934,83626,330492
region_2,2016,124365,417376,241111,38169,5693,108888,481,463864,20,2683700,18319166,304810,1880301,83278,328778
region_2,2017,117977,421374,241961,38376,5778,109137,489,467399,21,2678142,18329255,313106,1862173,83327,331485
region_2,2018,120622,425603,242179,38727,5853,108949,490,444009,20,2673713,18364822,318213,1842398,83332,331070
region_2,2019,121348,433974,241820,38721,5900,108029,493,435513,21,2666657,18383385,321924,1827341,83173,331701
region_2,2020,110845,447844,239107,38764,6017,108819,492,438145,21,2678417,18382449,326300,1806759,82572,333449
region_2,2021,109350,449958,240241,39195,6120,108792,492,440066,21,2680429,18375690,327330,1805940,82213,334163
region_2,2022,104041,449916,243586,40367,6267,109488,491,442873,21,2694898,18358522,328870,1802325,81927,336408
region_2,2023,113354,452945,245043,40293,6262,108350,495,448738,21,2702921,18349465,332224,1782113,81786,335990
region_3,1994,315715,941024,346266,85485,20357,14225,654348,25382,5684,1180,3404615,1570326,17204849,116774,293770
region_3,1995,323496,945278,346928,85624,20376,14667,653708,26133,5675,1244,3418647,1571593,17180578,116526,289527
region_3,1996,334254,941138,350660,91614,21252,15002,653101,26878,5693,997,3388382,1545060,17230953,116302,278714
region_3,1997,341676,944938,351888,91839,21276,14973,652219,27159,5706,824,3345312,1523127,17290788,116018,272257
region_3,1998,311526,948571,352891,91990,21293,21957,651155,27393,5704,694,3285993,1498943,17373092,116423,292375
region_3,1999,320084,942154,356749,97994,22754,18336,650303,27551,5689,562,3273856,1496418,17380674,116204,290672
region_3,2000,305190,946045,358434,98237,22777,19951,648764,27566,5729,405,3281002,1497222,17374319,116171,298188
region_3,2001,302327,949262,359326,98324,22782,21313,647821,27670,5714,267,3286551,1490716,17370837,116100,300990
region_3,2002,293465,933205,373934,105136,23743,20987,646398,27738,5723,167,3291830,1488274,17366997,116362,306041
region_3,2003,294548,933975,377627,105423,23775,20925,645048,27825,5709,133,3272370,1477785,17393316,116048,305493
region_3,2004,293061,930088,381789,109102,24617,21279,644662,27834,5719,145,3248757,1471774,17418465,115813,306895
region_3,2005,295828,932393,386538,111129,25212,21820,643936,27959,5706,142,3229799,1474523,17423838,115449,305728
region_3,2006,292137,934619,390317,113104,25793,22532,645105,28122,5677,140,3212641,1473476,17434679,115081,306577
region_3,2007,298372,932690,396834,115963,26211,23570,644140,28436,5659,146,3197467,1466631,17443884,114507,305490
region_3,2008,300473,934404,399949,118167,26695,25063,643912,28772,5641,166,3118917,1457741,17521218,114154,304728
region_3,2009,310160,933992,404038,120066,26969,23939,642845,29259,5634,149,2993017,1433907,17662115,113769,300141
region_3,2010,335104,934644,406090,121753,27226,23222,641493,29693,5654,155,2897576,1409844,17768416,111894,287236
region_3,2011,383661,935275,408679,123231,27515,24235,640303,30118,5645,174,2826495,1399295,17834811,103176,257387
region_3,2012,278850,932994,410909,125057,27789,48024,633844,31121,5544,189,2701871,1374945,18018703,102448,307712
region_3,2013,275483,933533,412591,127023,28242,49064,634110,31598,5537,269,2661685,1372486,18056993,101721,309665
region_3,2014,280843,932857,414901,129117,28699,44582,631051,32072,5513,281,2615800,1361066,18114474,100624,308120
region_3,2015,280800,935733,416200,130760,29363,44613,631121,32651,5536,303,2601963,1365315,18115956,100384,309302
region_3,2016,287718,938057,417785,132856,29963,44478,631101,33102,5543,396,2586520,1364653,18119984,99923,307921
region_3,2017,294387,941036,419700,133980,30555,41670,631356,33757,5566,506,2590582,1384187,18086276,99503,306939
region_3,2018,311323,943767,421729,135065,30957,36615,630657,34128,5595,607,2586915,1392580,18070356,98742,300964
region_3,2019,351577,945686,423643,135892,31401,33142,629070,34376,5636,662,2584339,1389062,18053602,95604,286308
region_3,2020,293751,948416,425296,136986,31708,50391,628504,34489,5664,685,2579801,1386015,18077150,95979,305165
